person_id,name,role,salary,bonus,long_term_incentive,deferred_income,deferral_payments,loan_advances,other,expenses,director_fees,total_payments,exercised_stock_options,restricted_stock,restricted_stock_deferred,total_stock_value,bonus_to_salary,exercised_share,stock_to_cash,emails_sent,emails_received,distinct_contacts,pagerank_pctl,betweenness_pctl,clustering,crisis_activity_share,after_hours_share,poi
ALLEN PHILLIP K,Phillip K. Allen,Senior employee,201955,4175000,304805,-3081055,2869717,0,152,13868,0,4484442,1729541,126027,-126027,1729541,20.0,1.0,0.3857,607,922,43,91.7,96.2,0.2104,0.0,0.4399,0
BADUM JAMES P,James P. Badum,Senior employee,0,0,0,0,178980,0,0,3486,0,182466,257817,0,0,257817,0.0,1.0,1.413,0,0,0,0.0,0.0,0.0,0.0,0.0,0
BANNANTINE JAMES M,James M. Bannantine,Senior employee,477,0,0,-5104,0,0,864523,56301,0,916197,4046157,1757552,-560222,5243487,0.0,0.7717,5.7231,7,97,8,56.6,63.7,0.5357,0.0,0.8571,0
BAXTER JOHN C,John C. Baxter,Senior employee,267102,1200000,1586055,-1386055,1295738,0,2660303,11200,0,5634343,6680544,3942714,0,10623258,4.4927,0.6289,1.8854,0,0,0,0.0,0.0,0.0,0.0,0.0,0
BAY FRANKLIN R,Franklin R. Bay,Senior employee,239671,400000,0,-201641,260455,0,69,129142,0,827696,0,145796,-82782,63014,1.669,0.0,0.0761,1,49,1,11.7,20.0,0.0,1.0,0.0,0
BAZELIDES PHILIP J,Philip J. Bazelides,Senior employee,80818,0,93750,0,684694,0,874,0,0,860136,1599641,0,0,1599641,0.0,1.0,1.8598,0,0,0,0.0,0.0,0.0,0.0,0.0,0
BECK SALLY W,Sally W. Beck,Senior employee,231330,700000,0,0,0,0,566,37172,0,969068,0,126027,0,126027,3.026,0.0,0.13,1560,3596,266,99.9,100.0,0.0309,0.1526,0.2718,0
BELDEN TIMOTHY N,Timothy N. Belden,Senior employee,213999,5249999,0,-2334434,2144013,0,210698,17355,0,5501630,953136,157569,0,1110705,20.0,0.8581,0.2019,258,3133,107,99.1,99.4,0.1305,0.3915,0.2597,1
BELFER ROBERT,Robert Belfer,Non-employee director,0,0,0,-102500,0,0,0,3285,102500,3285,0,44093,-44093,0,0.0,0.0,0.0,0,0,0,0.0,0.0,0.0,0.0,0.0,0
BERBERIAN DAVID,David Berberian,Senior employee,216582,0,0,0,0,0,0,11892,0,228474,1624396,869220,0,2493616,0.0,0.6514,10.9142,1,61,1,8.1,20.0,0.0,0.0,0.0,0
BERGSIEKER RICHARD P,Richard P. Bergsieker,Senior employee,187922,250000,180250,-485813,0,0,427316,59175,0,618850,0,659249,0,659249,1.3303,0.0,1.0653,22,158,9,84.8,94.0,0.25,0.0,0.9091,0
BHATNAGAR SANJAY,Sanjay Bhatnagar,Senior employee,0,0,0,0,0,0,0,137864,0,137864,15456290,2604490,-2604490,15456290,0.0,1.0,112.1126,8,87,6,62.5,64.5,0.3333,0.0,0.25,0
BIBI PHILIPPE A,Philippe A. Bibi,Senior employee,213625,1000000,369721,0,0,0,425688,38559,0,2047593,1465734,378082,0,1843816,4.6811,0.7949,0.9005,13,464,14,86.6,64.4,0.5495,0.0,0.4615,0
BLACHMAN JEREMY M,Jeremy M. Blachman,Senior employee,248546,850000,831809,0,0,0,272,84208,0,2014835,765313,189041,0,954354,3.4199,0.8019,0.4737,9,687,12,84.5,85.6,0.3182,0.6667,0.4444,0
BLAKE JR. NORMAN P,Norman P. Blake Jr.,Non-employee director,0,0,0,-113784,0,0,0,1279,113784,1279,0,0,0,0,0.0,0.0,0.0,0,0,0,0.0,0.0,0.0,0.0,0.0,0
BOWEN JR RAYMOND M,Raymond M. Bowen Jr.,Senior employee,278601,1350000,974293,-833,0,0,1621,65907,0,2669589,0,252055,0,252055,4.8456,0.0,0.0944,17,767,32,92.9,88.9,0.3246,0.7647,0.3529,1
BROWN MICHAEL,Michael Brown,Senior employee,0,0,0,0,0,0,0,49288,0,49288,0,0,0,0,0.0,0.0,0.0,18,556,19,88.1,89.1,0.2924,0.0,0.5,0
BUCHANAN HAROLD G,Harold G. Buchanan,Senior employee,248017,500000,304805,0,0,0,1215,600,0,1054637,825464,189041,0,1014505,2.016,0.8137,0.9619,112,915,64,97.8,92.7,0.1925,0.6071,0.1161,0
BUTTS ROBERT H,Robert H. Butts,Senior employee,261516,750000,175000,-75000,0,0,150656,9410,0,1271582,0,417619,0,417619,2.8679,0.0,0.3284,2,160,0,0.0,0.0,0.0,0.0,0.5,0
BUY RICHARD B,Richard B. Buy,Chief Risk Officer,330546,900000,769862,-694862,649584,0,400572,0,0,2355702,2542813,901657,0,3444470,2.7228,0.7382,1.4622,581,1805,126,99.5,99.3,0.0648,0.3098,0.2324,0
CALGER CHRISTOPHER F,Christopher F. Calger,Senior employee,240189,1250000,375304,-262500,0,0,486,35818,0,1639297,0,126027,0,126027,5.2042,0.0,0.0769,107,857,28,90.8,92.0,0.2249,0.0,0.5421,1
CARTER REBECCA C,Rebecca C. Carter,Senior employee,261809,300000,75000,-159792,0,0,540,0,0,477557,0,307301,-307301,0,1.1459,0.0,0.0,9,100,3,31.4,60.5,0.3333,0.6667,0.0,0
CAUSEY RICHARD A,Richard A. Causey,Chief Accounting Officer,415189,1000000,350000,-235000,0,0,307895,30674,0,1868758,0,2502063,0,2502063,2.4085,0.0,1.3389,26,752,39,96.3,95.8,0.1552,0.2692,0.0769,1
CHAN RONNIE,Ronnie Chan,Non-employee director,0,0,0,-98784,0,0,0,0,98784,0,0,32460,-32460,0,0.0,0.0,0.0,0,0,0,0.0,0.0,0.0,0.0,0.0,0
CHRISTODOULOU DIOMEDES,Diomedes Christodoulou,Senior employee,0,0,0,0,0,0,0,0,0,0,5127155,950730,0,6077885,0.0,0.8436,0.0,1,88,0,0.0,0.0,0.0,0.0,1.0,0
CLINE KENNETH W,Kenneth W. Cline,Senior employee,0,0,0,0,0,0,0,0,0,0,0,662086,-472568,189518,0.0,0.0,0.0,0,0,0,0.0,0.0,0.0,0.0,0.0,0
COLWELL WESLEY,Wesley Colwell,Senior employee,288542,1200000,0,-144062,27610,0,101740,16514,0,1490344,0,698242,0,698242,4.1588,0.0,0.4685,26,765,28,94.0,95.2,0.2037,0.3077,0.3462,1
CORDES WILLIAM R,William R. Cordes,Senior employee,0,0,0,0,0,0,0,0,0,0,651850,386335,0,1038185,0.0,0.6279,0.0,5,329,8,66.4,83.8,0.4643,0.4,0.6,0
COX DAVID,David Cox,Senior employee,314288,800000,0,-41250,0,0,494,27861,0,1101393,117551,378082,0,495633,2.5454,0.2372,0.45,19,64,10,73.9,87.1,0.2,0.5263,0.0526,0
CUMBERLAND MICHAEL S,Michael S. Cumberland,Senior employee,184899,325000,275000,0,0,0,713,22344,0,807956,0,207940,0,207940,1.7577,0.0,0.2574,0,0,0,0.0,0.0,0.0,0.0,0.0,0
DEFFNER JOSEPH M,Joseph M. Deffner,Senior employee,206121,600000,335349,0,0,0,25553,41626,0,1208649,17378,141833,0,159211,2.9109,0.1092,0.1317,63,348,16,85.3,77.0,0.3333,0.873,0.1429,0
DELAINEY DAVID W,David W. Delainey,Senior employee,365163,3000000,1294981,0,0,0,1661,86174,0,4747979,2291113,1323148,0,3614261,8.2155,0.6339,0.7612,796,1094,83,97.9,98.7,0.1364,0.0113,0.392,1
DERRICK JR. JAMES V,James V. Derrick Jr.,General Counsel,492375,800000,484000,-1284000,0,0,7482,51124,0,550981,8831913,1787380,-1787380,8831913,1.6248,1.0,16.0294,738,1104,79,98.8,98.7,0.0769,0.5,0.1016,0
DETMERING TIMOTHY J,Timothy J. Detmering,Senior employee,210500,425000,415657,-775241,875307,0,1105,52255,0,1204583,2027865,315068,-315068,2027865,2.019,1.0,1.6835,1,84,0,0.0,0.0,0.0,0.0,0.0,0
DIETRICH JANET R,Janet R. Dietrich,Senior employee,250100,600000,556416,0,0,0,473,3475,0,1410464,1550019,315068,0,1865087,2.399,0.8311,1.3223,40,998,34,93.2,91.7,0.221,0.375,0.225,0
DIMICHELE RICHARD G,Richard G. Dimichele,Senior employee,262788,1000000,694862,0,0,0,374689,35812,0,2368151,8191755,126027,0,8317782,3.8053,0.9848,3.5124,1,49,0,0.0,0.0,0.0,0.0,1.0,0
DODSON KEITH,Keith Dodson,Senior employee,221003,70000,0,0,0,0,774,28164,0,319941,0,0,0,0,0.3167,0.0,0.0,10,93,5,48.5,71.9,0.4,0.5,0.2,0
DONAHUE JR JEFFREY M,Jeffrey M. Donahue Jr.,Senior employee,278601,800000,0,-300000,0,0,891,96268,0,875760,765920,315068,0,1080988,2.8715,0.7085,1.2343,18,348,17,82.1,90.5,0.2059,0.7778,0.2222,0
DUNCAN JOHN H,John H. Duncan,"Director, chair of the Executive Committee",0,0,0,-25000,0,0,0,0,102492,77492,371750,0,0,371750,0.0,1.0,4.7973,0,0,0,0.0,0.0,0.0,0.0,0.0,0
DURAN WILLIAM D,William D. Duran,Senior employee,210692,750000,1105218,0,0,0,1568,25785,0,2093263,1451869,189041,0,1640910,3.5597,0.8848,0.7839,10,311,4,54.3,53.3,0.6667,0.0,0.5,0
ECHOLS JOHN B,John B. Echols,Senior employee,182245,200000,2234774,0,0,0,53775,21530,0,2692324,601438,407503,0,1008941,1.0974,0.5961,0.3747,3,29,1,21.5,20.0,0.0,0.0,1.0,0
ELLIOTT STEVEN,Steven Elliott,Senior employee,170941,350000,0,-400729,0,0,12961,78552,0,211725,4890344,1788391,0,6678735,2.0475,0.7322,31.5444,0,39,0,0.0,0.0,0.0,0.0,0.0,0
FALLON JAMES B,James B. Fallon,Senior employee,304588,2500000,374347,0,0,0,401481,95924,0,3676340,940257,1392142,0,2332399,8.2078,0.4031,0.6344,47,652,29,92.1,88.0,0.3128,0.7021,0.1915,0
FASTOW ANDREW S,Andrew S. Fastow,Executive Vice President and CFO,440698,1300000,1736055,-1386055,0,0,277464,55921,0,2424083,0,1794412,0,1794412,2.9499,0.0,0.7402,8,355,3,43.7,43.3,0.3333,0.125,0.125,1
FITZGERALD JAY L,Jay L. Fitzgerald,Senior employee,199157,350000,556416,0,0,0,285414,23870,0,1414857,664461,956775,0,1621236,1.7574,0.4098,1.1459,8,281,5,73.5,58.3,0.3,0.0,0.5,0
FOWLER PEGGY,Peggy Fowler,Senior employee,0,0,0,0,0,0,0,0,0,0,1324578,560170,0,1884748,0.0,0.7028,0.0,19,171,17,82.2,69.6,0.5,0.6316,0.0,0
FOY JOE,Joe Foy,Senior employee,0,0,0,0,181755,0,0,0,0,181755,343434,0,0,343434,0.0,1.0,1.8895,5,31,3,33.7,20.0,1.0,0.0,0.0,0
FREVERT MARK A,Mark A. Frevert,Senior employee,1060932,2000000,1617011,-3367011,6426990,2000000,7427621,86987,0,17252530,10433518,4188667,0,14622185,1.8851,0.7135,0.8475,12,1128,18,85.9,73.5,0.4771,0.25,0.25,0
FUGH JOHN L,John L. Fugh,Senior employee,0,0,0,0,50591,0,0,0,0,50591,176378,0,0,176378,0.0,1.0,3.4864,0,0,0,0.0,0.0,0.0,0.0,0.0,0
GAHN ROBERT S,Robert S. Gahn,Senior employee,192008,509870,0,-1042,73122,0,76547,50080,0,900585,83237,235370,0,318607,2.6555,0.2613,0.3538,0,0,0,0.0,0.0,0.0,0.0,0.0,0
GARLAND C KEVIN,C. Kevin Garland,Senior employee,231946,850000,375304,0,0,0,60814,48405,0,1566469,636246,259907,0,896153,3.6646,0.71,0.5721,24,102,10,71.8,80.0,0.3111,0.375,0.3333,0
GATHMANN WILLIAM D,William D. Gathmann,Senior employee,0,0,0,0,0,0,0,0,0,0,1753766,264013,-72419,1945360,0.0,0.9015,0.0,0,0,0,0.0,0.0,0.0,0.0,0.0,0
GIBBS DANA R,Dana R. Gibbs,Senior employee,0,0,461912,0,504610,0,0,0,0,966522,2218275,0,0,2218275,0.0,1.0,2.2951,6,126,9,83.5,79.4,0.5278,0.0,0.3333,0
GILLIS JOHN,John Gillis,Senior employee,0,0,0,0,0,0,0,0,0,0,9803,75838,0,85641,0.0,0.1145,0.0,0,0,0,0.0,0.0,0.0,0.0,0.0,0
GLISAN JR BEN F,Ben F. Glisan Jr.,Treasurer (from May 2000),274975,600000,71023,0,0,0,200308,125978,0,1272284,384728,393818,0,778546,2.182,0.4942,0.6119,8,310,12,75.9,79.2,0.2273,0.25,0.375,1
GOLD JOSEPH,Joseph Gold,Senior employee,272880,750000,304805,0,0,0,819288,0,0,2146973,436515,441096,0,877611,2.7485,0.4974,0.4088,3,402,7,65.0,77.2,0.381,0.3333,0.0,0
GRAMM WENDY L,Wendy L. Gramm,Non-employee director,0,0,0,0,0,0,0,0,119292,119292,0,0,0,0,0.0,0.0,0.0,0,0,0,0.0,0.0,0.0,0.0,0.0,0
GRAY RODNEY,Rodney Gray,Senior employee,6615,0,365625,0,93585,0,680833,0,0,1146658,0,0,0,0,0.0,0.0,0.0,0,0,0,0.0,0.0,0.0,0.0,0.0,0
HAEDICKE MARK E,Mark E. Haedicke,Senior employee,374125,1150000,983346,-934484,2157527,0,52382,76169,0,3859065,608750,524169,-329825,803094,3.0738,0.758,0.2081,928,1507,131,99.2,98.9,0.0931,0.0,0.3222,0
HANNON KEVIN P,Kevin P. Hannon,Senior employee,243293,1500000,1617011,-3117011,0,0,11350,34039,0,288682,5538001,853064,0,6391065,6.1654,0.8665,22.1388,13,313,11,76.0,69.7,0.4,0.0769,0.2308,1
HAUG DAVID L,David L. Haug,Senior employee,0,0,0,0,0,0,0,475,0,475,0,2217299,0,2217299,0.0,0.0,200.0,8,111,11,66.1,68.3,0.3818,0.375,0.5,0
HAYES ROBERT E,Robert E. Hayes,Senior employee,0,0,0,0,7961,0,0,0,0,7961,0,151418,0,151418,0.0,0.0,19.02,12,222,3,71.4,47.1,0.6667,0.0,0.0,0
HAYSLETT RODERICK J,Roderick J. Hayslett,Senior employee,0,0,0,0,0,0,0,0,0,0,0,346663,0,346663,0.0,0.0,0.0,781,1691,158,99.7,99.8,0.0417,0.8207,0.1754,0
HERMANN ROBERT J,Robert J. Hermann,Senior employee,262663,700000,150000,-280000,0,0,416441,48357,0,1297461,187500,480632,0,668132,2.665,0.2806,0.515,3,99,3,60.5,20.0,1.0,1.0,0.0,0
HICKERSON GARY J,Gary J. Hickerson,Senior employee,211788,1700000,69223,0,0,0,1936,98849,0,2081796,0,441096,0,441096,8.0269,0.0,0.2119,16,601,11,86.8,82.7,0.4,0.4375,0.375,0
HIRKO JOSEPH,Joseph Hirko,Senior employee,0,0,0,0,10259,0,2856,77978,0,91093,30766064,0,0,30766064,0.0,1.0,200.0,0,40,0,0.0,0.0,0.0,0.0,0.0,1
HORTON STANLEY C,Stanley C. Horton,Senior employee,0,0,0,0,3131860,0,0,0,0,3131860,5210569,2046079,0,7256648,0.0,0.718,2.317,466,1200,92,98.4,99.6,0.0788,0.294,0.3798,0
HUGHES JAMES A,James A. Hughes,Senior employee,0,0,0,0,0,0,0,0,0,0,754966,363428,0,1118394,0.0,0.675,0.0,11,159,8,57.9,65.3,0.4643,0.0,0.6364,0
HUMPHREY GENE E,Gene E. Humphrey,Senior employee,130724,0,0,0,2964506,0,0,4994,0,3100224,2282768,0,0,2282768,0.0,1.0,0.7363,8,54,0,0.0,0.0,0.0,0.0,0.375,0
IZZO LAWRENCE L,Lawrence L. Izzo,Senior employee,85274,0,312500,0,0,0,1553729,28093,0,1979596,2165172,3654808,0,5819980,0.0,0.372,2.94,7,83,5,50.3,44.0,0.9,0.0,0.5714,0
JACKSON CHARLENE R,Charlene R. Jackson,Senior employee,288558,250000,0,0,0,0,2435,10181,0,551174,185063,540672,0,725735,0.8664,0.255,1.3167,19,105,16,81.7,82.8,0.4417,0.0,0.4211,0
JAEDICKE ROBERT,Robert Jaedicke,"Director, chair of the Audit & Compliance Committee",0,0,0,-25000,0,0,0,0,108750,83750,431750,44093,-44093,431750,0.0,1.0,5.1552,0,0,0,0.0,0.0,0.0,0.0,0.0,0
KAMINSKI WINCENTY J,Wincenty J. Kaminski,Head of the Research Group,275101,400000,323466,0,0,0,4669,83585,0,1086821,850010,126027,0,976037,1.454,0.8709,0.8981,3882,3908,276,99.9,100.0,0.0183,0.0,0.4513,0
KEAN STEVEN J,Steven J. Kean,Senior employee,404338,1000000,300000,0,0,0,1231,41953,0,1747522,2022048,4131594,0,6153642,2.4732,0.3286,3.5214,1250,3504,208,99.7,99.7,0.0641,0.0,0.5656,0
KISHKILL JOSEPH G,Joseph G. Kishkill,Senior employee,174246,0,0,-51042,0,0,465357,116335,0,704896,0,1034346,0,1034346,0.0,0.0,1.4674,4,187,4,35.8,53.8,0.6667,0.0,0.25,0
KITCHEN LOUISE,Louise Kitchen,Senior employee,271442,3100000,0,0,0,0,93925,5774,0,3471141,81042,466101,0,547143,11.4205,0.1481,0.1576,1349,5332,292,100.0,99.9,0.0459,0.5226,0.2046,0
KOENIG MARK E,Mark E. Koenig,Senior employee,309946,700000,300000,0,0,0,150458,127017,0,1587421,671737,1248318,0,1920055,2.2585,0.3499,1.2095,29,766,20,91.0,86.4,0.3789,0.5517,0.3448,1
KOPPER MICHAEL J,Michael J. Kopper,Finance (reported to the CFO),224305,800000,602671,0,0,0,907502,118134,0,2652612,0,985032,0,985032,3.5666,0.0,0.3713,0,84,0,0.0,0.0,0.0,0.0,0.0,1
LAVORATO JOHN J,John J. Lavorato,Senior employee,339288,8000000,2035380,0,0,0,1552,49537,0,10425757,4158995,1008149,0,5167144,20.0,0.8049,0.4956,1080,3341,150,99.7,99.5,0.0815,0.1324,0.5352,0
LAY KENNETH L,Kenneth L. Lay,Chairman and CEO,1072321,7000000,3600000,-300000,202911,81525000,10359729,99832,0,103559793,34348384,14761694,0,49110078,6.5279,0.6994,0.4742,22,1925,31,94.3,93.2,0.1419,0.8636,0.3182,1
LEFF DANIEL P,Daniel P. Leff,Senior employee,273746,1000000,1387399,0,0,0,3083,0,0,2664228,0,360528,0,360528,3.653,0.0,0.1353,32,864,39,91.3,89.1,0.2807,0.6562,0.1875,0
LEMAISTRE CHARLES,Charles Lemaistre,Non-employee director,0,0,0,-25000,0,0,0,0,112492,87492,412878,0,0,412878,0.0,1.0,4.719,0,0,0,0.0,0.0,0.0,0.0,0.0,0
LEWIS RICHARD,Richard Lewis,Senior employee,0,0,0,0,0,0,0,0,0,0,850477,0,0,850477,0.0,1.0,0.0,12,345,10,76.4,92.0,0.3111,0.0833,0.4167,0
LINDHOLM TOD A,Tod A. Lindholm,Senior employee,236457,200000,175000,0,204075,0,2630,57727,0,875889,2549361,514847,0,3064208,0.8458,0.832,3.4984,3,51,0,0.0,0.0,0.0,0.0,0.6667,0
LOWRY CHARLES P,Charles P. Lowry,Senior employee,0,0,0,0,0,0,0,0,0,0,372205,153686,-153686,372205,0.0,1.0,0.0,0,0,0,0.0,0.0,0.0,0.0,0.0,0
MARTIN AMANDA K,Amanda K. Martin,Senior employee,349487,0,5145434,0,85430,0,2818454,8211,0,8407016,2070306,0,0,2070306,0.0,1.0,0.2463,212,538,58,96.6,98.5,0.098,0.4481,0.0047,0
MCCARTY DANNY J,Danny J. McCarty,Senior employee,0,0,0,0,0,0,0,0,0,0,664375,94556,0,758931,0.0,0.8754,0.0,200,778,51,98.0,96.0,0.1663,0.975,0.04,0
MCCLELLAN GEORGE,George McClellan,Senior employee,263413,900000,0,-125000,0,0,51587,228763,0,1318763,506765,441096,0,947861,3.4167,0.5346,0.7188,28,596,25,91.5,88.8,0.1733,0.5,0.1429,0
MCCONNELL MICHAEL S,Michael S. McConnell,Senior employee,365038,1100000,554422,0,0,0,540,81364,0,2101364,1623010,1478269,0,3101279,3.0134,0.5233,1.4758,784,1274,119,99.3,99.3,0.0661,0.0204,0.4566,0
MCDONALD REBECCA,Rebecca McDonald,Senior employee,0,0,0,0,0,0,0,0,0,0,757301,934065,0,1691366,0.0,0.4477,0.0,4,240,5,62.6,60.3,0.1,0.0,0.5,0
MCMAHON JEFFREY,Jeffrey McMahon,Treasurer (until May 2000),370448,2600000,694862,0,0,0,297353,137108,0,4099771,1104054,558801,0,1662855,7.0185,0.664,0.4056,23,872,39,95.1,88.9,0.2996,0.4348,0.5652,0
MENDELSOHN JOHN,John Mendelsohn,Non-employee director,0,0,0,-103750,0,0,0,148,103750,148,0,0,0,0,0.0,0.0,0.0,0,0,0,0.0,0.0,0.0,0.0,0.0,0
METTS MARK,Mark Metts,Senior employee,365788,600000,0,0,0,0,1740,94299,0,1061827,0,585062,0,585062,1.6403,0.0,0.551,18,235,10,80.9,95.5,0.1556,0.7778,0.2778,0
MEYER JEROME J,Jerome J. Meyer,Non-employee director,0,0,0,-38346,0,0,0,2151,38346,2151,0,0,0,0,0.0,0.0,0.0,0,0,0,0.0,0.0,0.0,0.0,0.0,0
MEYER ROCKFORD G,Rockford G. Meyer,Senior employee,0,0,0,0,1848227,0,0,0,0,1848227,493489,462384,0,955873,0.0,0.5163,0.5172,13,71,5,53.8,68.6,0.5,0.0,0.7692,0
MORAN MICHAEL P,Michael P. Moran,Senior employee,0,0,0,0,0,0,0,0,0,0,59539,161602,0,221141,0.0,0.2692,0.0,7,274,7,76.9,60.0,0.7143,0.0,0.4286,0
MORDAUNT KRISTINA M,Kristina M. Mordaunt,"In-house lawyer, Structured Finance",267093,325000,0,0,0,0,1411,35018,0,628522,0,208510,0,208510,1.2168,0.0,0.3317,2,203,1,6.7,20.0,0.0,0.0,0.5,0
MULLER MARK S,Mark S. Muller,Senior employee,251654,1100000,1725545,-719000,842924,0,947,0,0,3202070,1056320,360528,0,1416848,4.3711,0.7455,0.4425,14,123,7,76.8,53.7,0.5238,0.7857,0.0714,0
MURRAY JULIA H,Julia H. Murray,Senior employee,229284,400000,125000,0,0,0,330,57580,0,812194,400478,196983,0,597461,1.7446,0.6703,0.7356,35,811,37,92.0,86.8,0.2988,0.6857,0.2571,0
NOLES JAMES L,James L. Noles,Senior employee,0,0,0,0,774401,0,0,0,0,774401,0,463261,-94556,368705,0.0,0.0,0.4761,0,0,0,0.0,0.0,0.0,0.0,0.0,0
OLSON CINDY K,Cindy K. Olson,Senior employee,329078,750000,100000,0,77716,0,972,63791,0,1321557,1637034,969729,0,2606763,2.2791,0.628,1.9725,30,528,36,94.3,94.3,0.1603,0.4667,0.0667,0
OVERDYKE JR JERE C,Jere C. Overdyke Jr.,Senior employee,94941,0,135836,0,0,0,176,18834,0,249787,5266578,2041016,0,7307594,0.0,0.7207,29.2553,1,121,1,22.8,20.0,0.0,0.0,1.0,0
PAI LOU L,Lou L. Pai,Senior employee,261879,1000000,0,0,0,0,1829457,32047,0,3123383,15364167,8453763,0,23817930,3.8186,0.6451,7.6257,0,133,0,0.0,0.0,0.0,0.0,0.0,0
PEREIRA PAULO V. FERRAZ,Paulo V. Ferraz Pereira,Non-employee director,0,0,0,-101250,0,0,0,27942,101250,27942,0,0,0,0,0.0,0.0,0.0,0,0,0,0.0,0.0,0.0,0.0,0.0,0
PICKERING MARK R,Mark R. Pickering,Senior employee,655037,300000,0,0,0,400000,0,31653,0,1386690,28798,0,0,28798,0.458,1.0,0.0208,60,469,25,94.1,89.2,0.25,0.8833,0.0833,0
PIPER GREGORY F,Gregory F. Piper,Senior employee,197091,400000,0,-33333,1130036,0,778,43057,0,1737629,880290,409554,-409554,880290,2.0295,1.0,0.5066,162,837,67,98.2,96.9,0.133,0.3642,0.1481,0
PIRO JIM,Jim Piro,Senior employee,0,0,0,0,0,0,0,0,0,0,0,47304,0,47304,0.0,0.0,0.0,16,65,7,82.2,93.4,0.1429,0.375,0.0,0
POWERS WILLIAM,William Powers,Non-employee director,0,0,0,-17500,0,0,0,0,17500,0,0,0,0,0,0.0,0.0,0.0,26,256,6,63.6,42.2,0.8667,0.8846,0.0,0
PRENTICE JAMES,James Prentice,Senior employee,0,0,0,0,564348,0,0,0,0,564348,886231,208809,0,1095040,0.0,0.8093,1.9404,3,119,3,38.4,48.4,0.3333,0.0,0.6667,0
REDMOND BRIAN L,Brian L. Redmond,Senior employee,96840,0,0,0,0,0,0,14689,0,111529,7509039,381285,0,7890324,0.0,0.9517,70.7468,155,769,86,97.6,99.1,0.0854,0.3161,0.2968,0
REYNOLDS LAWRENCE,Lawrence Reynolds,Senior employee,76399,100000,156250,-200000,51365,0,202052,8409,0,394475,4160672,201483,-140264,4221891,1.3089,0.9855,10.7026,0,0,0,0.0,0.0,0.0,0.0,0.0,0
RICE KENNETH D,Kenneth D. Rice,"CEO, Enron Broadband Services",420636,1750000,1617011,-3504386,0,0,174839,46950,0,505050,19794175,2748364,0,22542539,4.1604,0.8781,44.6343,7,265,11,74.6,91.4,0.2364,0.1429,0.4286,1
RIEKER PAULA H,Paula H. Rieker,Senior employee,249201,700000,0,-100000,214678,0,1950,33271,0,1099100,1635238,283649,0,1918887,2.809,0.8522,1.7459,62,521,33,90.7,88.7,0.267,0.7581,0.1774,1
SAVAGE FRANK,Frank Savage,Non-employee director,0,0,0,-121284,0,0,0,0,125034,3750,0,0,0,0,0.0,0.0,0.0,0,0,0,0.0,0.0,0.0,0.0,0.0,0
SCRIMSHAW MATTHEW,Matthew Scrimshaw,Senior employee,0,0,0,0,0,0,0,0,0,0,759557,0,0,759557,0.0,1.0,0.0,6,143,5,54.4,68.8,0.5,0.6667,0.6667,0
SHANKMAN JEFFREY A,Jeffrey A. Shankman,Senior employee,304110,2000000,554422,0,0,0,1191,178979,0,3038702,1441898,630137,0,2072035,6.5766,0.6959,0.6819,1043,967,87,98.5,98.4,0.1,0.0,0.5475,0
SHAPIRO RICHARD S,Richard S. Shapiro,Senior employee,269076,650000,0,0,0,0,705,137767,0,1057548,607837,379164,0,987001,2.4157,0.6158,0.9333,511,6246,167,99.8,99.3,0.1084,0.5499,0.2446,0
SHARP VICTORIA T,Victoria T. Sharp,Senior employee,248146,600000,422158,0,187469,0,2401,116337,0,1576511,281073,213063,0,494136,2.4179,0.5688,0.3134,73,1094,58,96.3,96.5,0.2002,0.274,0.2877,0
SHELBY REX,Rex Shelby,Senior employee,211844,200000,0,-4167,0,0,1573324,22884,0,2003885,1624396,869220,0,2493616,0.9441,0.6514,1.2444,27,136,14,76.3,72.6,0.2637,0.0741,0.2593,1
SHERRICK JEFFREY B,Jeffrey B. Sherrick,Senior employee,0,0,0,0,0,0,0,0,0,0,1426469,405999,0,1832468,0.0,0.7784,0.0,11,164,9,62.6,74.3,0.2222,0.1818,0.2727,0
SHERRIFF JOHN R,John R. Sherriff,Senior employee,428780,1500000,554422,0,0,0,1852186,0,0,4335388,1835558,1293424,0,3128982,3.4983,0.5866,0.7217,40,1162,38,95.8,90.4,0.2518,0.225,0.55,0
SKILLING JEFFREY K,Jeffrey K. Skilling,"President and COO, later CEO",1111258,5600000,1920000,0,0,0,22122,29336,0,8682716,19250000,6843672,0,26093672,5.0393,0.7377,3.0052,66,1641,26,92.8,94.8,0.1631,0.0909,0.3182,1
STABLER FRANK,Frank Stabler,Senior employee,239502,500000,0,0,0,0,356071,16514,0,1112087,0,511734,0,511734,2.0877,0.0,0.4602,0,46,0,0.0,0.0,0.0,0.0,0.0,0
SULLIVAN-SHAKLOVITZ COLLEEN,Colleen Sullivan-Shaklovitz,Senior employee,162779,100000,554422,0,181993,0,162,0,0,999356,1362375,0,0,1362375,0.6143,1.0,1.3633,0,0,0,0.0,0.0,0.0,0.0,0.0,0
SUNDE MARTIN,Martin Sunde,Senior employee,257486,700000,476451,0,0,0,111122,0,0,1545059,0,698920,0,698920,2.7186,0.0,0.4524,13,635,13,75.8,73.1,0.6667,0.0,0.3846,0
TAYLOR MITCHELL S,Mitchell S. Taylor,Senior employee,265214,600000,0,0,227449,0,0,0,0,1092663,3181250,563798,0,3745048,2.2623,0.8495,3.4275,6,118,5,63.2,59.4,0.7,0.0,0.1667,0
THORN TERENCE H,Terence H. Thorn,Senior employee,222093,0,200000,0,16586,0,426629,46145,0,911453,4452476,365320,0,4817796,0.0,0.9242,5.2858,9,78,1,26.9,20.0,0.0,0.0,0.6667,0
TILNEY ELIZABETH A,Elizabeth A. Tilney,Senior employee,247338,300000,275000,-575000,0,0,152055,0,0,399393,591250,576792,0,1168042,1.2129,0.5062,2.9245,11,205,13,81.5,81.0,0.3077,0.3636,0.1818,0
UMANOFF ADAM S,Adam S. Umanoff,Senior employee,288589,788750,0,0,0,0,0,53122,0,1130461,0,0,0,0,2.7331,0.0,0.0,18,55,4,66.2,62.3,0.6667,1.0,0.2778,0
URQUHART JOHN A,John A. Urquhart,Non-employee director,0,0,0,-36666,0,0,0,228656,36666,228656,0,0,0,0,0.0,0.0,0.0,0,0,0,0.0,0.0,0.0,0.0,0.0,0
WAKEHAM JOHN,John Wakeham,Non-employee director,0,0,0,0,0,0,0,103773,109298,213071,0,0,0,0,0.0,0.0,0.0,0,0,0,0.0,0.0,0.0,0.0,0.0,0
WALLS JR ROBERT H,Robert H. Walls Jr.,Senior employee,357091,850000,540751,0,0,0,2,50936,0,1798780,4346544,1552453,0,5898997,2.3803,0.7368,3.2794,85,426,23,92.0,86.5,0.2292,0.3176,0.2353,0
WALTERS GARETH W,Gareth W. Walters,Senior employee,0,0,0,0,53625,0,0,33785,0,87410,1030329,0,0,1030329,0.0,1.0,11.7873,0,0,0,0.0,0.0,0.0,0.0,0.0,0
WASAFF GEORGE,George Wasaff,Senior employee,259996,325000,200000,-583325,831299,0,1425,0,0,1034395,1668260,388167,0,2056427,1.25,0.8112,1.988,17,194,22,87.3,93.7,0.1732,0.3529,0.2941,0
WESTFAHL RICHARD K,Richard K. Westfahl,Senior employee,63744,0,256191,-10800,0,0,401130,51870,0,762135,0,384930,0,384930,0.0,0.0,0.5051,1,20,0,0.0,0.0,0.0,0.0,1.0,0
WHALEY DAVID A,David A. Whaley,Senior employee,0,0,0,0,0,0,0,0,0,0,98718,0,0,98718,0.0,1.0,0.0,0,0,0,0.0,0.0,0.0,0.0,0.0,0
WHALLEY LAWRENCE G,Lawrence G. Whalley,Chief Operating Officer (2001),510364,3000000,808346,0,0,0,301026,57838,0,4677574,3282960,2796177,0,6079137,5.8782,0.54,1.2996,178,2307,80,99.0,98.3,0.118,0.2865,0.4382,0
WHITE JR THOMAS E,Thomas E. White Jr.,Senior employee,317543,450000,0,0,0,0,1085463,81353,0,1934359,1297049,13847074,0,15144123,1.4171,0.0856,7.829,0,122,0,0.0,0.0,0.0,0.0,0.0,0
WINOKUR JR. HERBERT S,Herbert S. Winokur Jr.,"Director, Finance Committee",0,0,0,-25000,0,0,0,1413,108579,84992,0,0,0,0,0.0,0.0,0.0,0,0,0,0.0,0.0,0.0,0.0,0.0,0
WODRASKA JOHN,John Wodraska,Senior employee,0,0,0,0,0,0,189583,0,0,189583,0,0,0,0,0.0,0.0,0.0,0,24,0,0.0,0.0,0.0,0.0,0.0,0
WROBEL BRUCE,Bruce Wrobel,Senior employee,0,0,0,0,0,0,0,0,0,0,139130,0,0,139130,0.0,1.0,0.0,0,0,0,0.0,0.0,0.0,0.0,0.0,0
YEAGER F SCOTT,F. Scott Yeager,Senior employee,158403,0,0,0,0,0,147950,53947,0,360300,8308552,3576206,0,11884758,0.0,0.6991,32.9857,0,24,0,0.0,0.0,0.0,0.0,0.0,1
YEAP SOON,Soon Yeap,Senior employee,0,0,0,0,0,0,0,55097,0,55097,192758,0,0,192758,0.0,1.0,3.4985,0,0,0,0.0,0.0,0.0,0.0,0.0,0
